Words,Count
failed,75
Low,52
storm,50
foolishly,37
saw,36
me,35
owl,22
promoters,21
users,20
happened,18
closing,18
His,18
allow,18
They,17
bow,16
robes,16
forehead,16
lips,16
fathers,13
speak,12
tersely,12
interact,11
three,11
just,11
Each,11
sob,10
men,9
him,9
them,9
command,9
these,9
say,8
goal,8
began,7
delivered,7
variety,7
deeper,7
friend,7
life,7
sleep,7
go,7
effort,6
owls,6
large,6
rested,6
Providence,6
silhouette,6
door,6
code,6
Since,6
pleasure,6
Eileen,6
scrubbing,6
over,6
Goodbye,5
The,5
any,5
analyzing,5
aged,5
carcass,5
Dont,5
chat,5
Her,5
cheer,5
determined,5
up,5
edge,5
burst,5
fate,5
thrill,4
different,4
accurately,4
one,4
jays,4
very,4
this,4
spare,4
listens,4
primary,4
aroused,4
beyond,4
barely,4
listened,4
left,4
how,4
born,4
evidences,4
main,4
had,4
mercy,4
shadow,3
specially,3
in,3
Next,3
trickle,3
zip,3
know,3
gave,3
Thorpe,3
ice,3
debutante,3
old,3
forth,3
dirt,3
occurred,3
could,3
hair,3
they,3
blood,3
drank,3
meeting,3
obeys,3
the,3
more,3
but,3
ran,3
session,3
sympathy,3
crouched,3
hiding,3
you,3
Suddenly,3
There,3
low,3
must,3
faltered,3
nightglow,3
object,3
consider,3
movies,3
by,3
incoming,3
shores,3
Indians,3
resisted,3
learned,3
job,3
ago,3
judging,2
careful,2
quickly,2
started,2
passed,2
streaming,2
blessing,2
softly,2
because,2
puffy,2
entered,2
Perhaps,2
thoroughly,2
thought,2
urged,2
number,2
dreams,2
easier,2
an,2
Beatrice,2
doesn’t,2
seemed,2
sunshine,2
For,2
shoreward,2
bigeyed,2
start,2
vital,2
strength,2
wonderful,2
be,2
mass,2
into,2
And,2
Supported,2
technology,2
driver,2
surprise,2
You,2
from,2
Personal,2
case,2
children,2
we,2
not,2
yap,2
startling,2
grub,2
pounded,2
obeyed,2
paw,2
clucking,2
bed,2
comfortably,2
prompt,2
her,2
down,2
we’ll,2
joined,2
ruin,2
picture,2
Jeanne,2
days,2
singing,2
God,2
Now,2
hand,2
asked,2
broken,2
bone,2
hope,2
ready,2
people,2
talking,2
creeping,2
annoying,2
When,2
such,2
and,2
system,2
something,2
dead,2
This,2
tasks,2
lingo,2
steel,2
only,2
foot,2
worshiped,2
worth,2
partly,2
our,2
shaking,1
been,1
likely,1
make,1
good,1
struck,1
adventure,1
would,1
paddling,1
forest,1
continued,1
come,1
phrases,1
want,1
begin,1
Such,1
hungry,1
dictation,1
current,1
shadows,1
loose,1
He,1
suspiciously,1
becomes,1
right,1
two,1
out,1
big,1
still,1
sensation,1
those,1
allows,1
scrap,1
bags,1
developments,1
madness,1
eighteen,1
concise,1
rapidly,1
striving,1
body,1
precise,1
working,1
resemblance,1
dog,1
each,1
natural,1
simulate,1
making,1
information,1
piano,1
follow,1
appear,1
apply,1
if,1
new,1
prayers,1
died,1
suddenness,1
learn,1
Simulating,1
return,1
though,1
We,1
limits,1
anything,1
eyes,1
destroyed,1
feathered,1
ajar,1
systems,1
pressure,1
text,1
kills,1
understand,1
impossible,1
pointing,1
same,1
revealed,1
against,1
uttered,1
held,1
rush,1
stopped,1
Canada,1
mind,1
interrupted,1
overestimated,1
edged,1
emotion,1
dividing,1
Surely,1
Philips,1
turned,1
voice,1
called,1
Short,1
exclaimed,1
am,1
also,1
night,1
fourth,1
like,1
challenge,1
enters,1
About,1
deepened,1
bent,1
water,1
cautiously,1
foreman,1
thrust,1
few,1
What,1
yourself,1
within,1
keep,1
my,1
before,1
set,1
wilderness,1
recognize,1
treacherous,1
then,1
dictating,1
washed,1
civilization,1
minute,1
recognizing,1
feel,1
outer,1
In,1
intention,1
dislocated,1
slightly,1
flush,1
wouldnt,1
rendezvous,1
Sometimes,1
gone,1
under,1
Then,1
Gregson,1
none,1
canvas,1
disheveled,1
will,1
black,1
software,1
becoming,1
maelstrom,1
feelings,1
wide,1
Take,1
ways,1
Ahead,1
beings,1
Anyway,1
work,1
a,1
trail,1
complicated,1
requires,1
its,1
followed,1
intoxicated,1
sleeping,1
maintain,1
year,1
temptation,1
Text,1
Im,1
clothes,1
letter,1
made,1
breast,1
most,1
through,1
away,1
has,1
usually,1
back,1
bond,1
fingers,1
starvation,1
sentences,1
words,1
simultaneously,1
name,1
mauled,1
questions,1
his,1
Recognition,1
near,1
which,1
time,1
said,1
give,1
problem,1
maddening,1
falter,1
Background,1
when,1
flash,1
truth,1
lets,1
almost,1
no,1
speech,1
Was,1
other,1
suggested,1
But,1
Scarcely,1
Dante,1
direction,1
turns,1
If,1
cords,1
calls,1
it,1
conversion,1
worked,1
hold,1
Two,1
Death,1
Pierre,1
weeks,1
radio,1
shot,1
together,1
MacDougall,1
he,1
Pierres,1
as,1
on,1
father,1
approached,1
forefinger,1
Using,1
Computers,1
hunt,1
strange,1
forever,1
grew,1
Accept,1
given,1
Philip,1
certain,1
many,1
nearly,1
child,1
listen,1
we’re,1
draw,1
pronounce,1
launched,1
user,1
read,1
closed,1
tried,1
program,1
confidence,1
suppose,1
chilly,1
tent,1
Shall,1
replied,1
little,1
tapped,1
man,1
Only,1
so,1
explained,1
recognition,1
age,1
Every,1
doing,1
interpret,1
immaculate,1
she,1
date,1
Speech,1
waded,1
soon,1
Chinese,1
curiosity,1
going,1
chewing,1
differently,1
way,1
ultimate,1
news,1
stranger,1
choking,1
Understanding,1
attack,1
of,1
persistent,1
waves,1
ate,1
moosebirds,1
another,1
gigantic,1
midstream,1
affects,1
fire,1
Ah,1
exactly,1
easily,1
Of,1
where,1
Information,1
carry,1
terrible,1
told,1
is,1
even,1
next,1
your,1
thank,1
became,1
small,1
stubby,1
Thus,1
years,1
departure,1
fathom,1
instant,1
presage,1
at,1
earth,1
cried,1
vision,1
subforeman,1
via,1
cabin,1
numbers,1
lower,1
resumed,1
Much,1
magazine,1
with,1
appearance,1
turning,1
commands,1
until,1
change,1
place,1
throw,1
bring,1
Wont,1
meant,1
sound,1
brain,1
there,1
already,1
virtues,1
went,1
upon,1
fifth,1
heavy,1
On,1
was,1
keyboard,1
gang,1
drumming,1
snatched,1
caller,1
about,1
Yes,1
arm,1
gentlemen,1
Do,1
now,1
doesnt,1
chill,1
Internet,1
account,1
idea,1
things,1
course,1
stared,1
stepped,1
might,1
arrange,1
Does,1
groomed,1
forgotten,1
bush,1
are,1
She,1
cold,1
human,1
growing,1
see,1
drawn,1
bear,1
added,1
article,1
may,1
dinner,1
than,1
texttospeech,1
thing,1
seems,1
footprints,1
to,1
suppressed,1
luxury,1
tomorrow,1
or,1
wounded,1
whipped,1
hours,1
cry,1
first,1
tear,1
A,1
It,1
waiting,1
protection,1
both,1
take,1
air,1
swelling,1
designed,1
us,1
phone,1
hot,1
rock,1
respond,1
came,1
full,1
greater,1
their,1
searching,1
himself,1
well,1
filled,1
I,1
telephone,1
camp,1
mouse,1
slowly,1
complete,1
television,1
uninteresting,1
sent,1
dictate,1
rocks,1
Thats,1
city,1
computers,1
who,1
My,1
after,1
tearing,1
concludes,1
picked,1
all,1
shoot,1
person,1
nothing,1
day,1
Tomorrow,1
sure,1
did,1
efficiently,1
loaded,1
sweetly,1
Down,1
fresh,1
else,1
among,1
beginning,1
assume,1
genuine,1
visions,1
communicate,1
shouted,1
knows,1
sky,1
joy,1
others,1
burned,1
glimmer,1
exciting,1
met,1
that,1
tries,1
excuse,1
for,1
what,1
everywhere,1
sting,1
prepared,1
harder,1
without,1
Eileens,1
handle,1
believe,1
raw,1
were,1
being,1
glow,1
canoe,1
face,1
smoothshaven,1
yearning,1
wise,1
open,1
part,1
rage,1
responses,1
double,1
control,1
expected,1
feels,1
able,1
supper,1
have,1
look,1
training,1
Like,1
short,1
do,1
moment,1
So,1
can,1
Instead,1
gray,1
computer,1
vaguely,1
promise,1
